﻿email,bank_routing_number,bank_account_number,balance
nrideoutmi@lsu.edu,0011-4959-0,31923667,195263
ndutchburnel@lsu.edu,0011-4959-0,39569244,965663
wlaurancegt@lsu.edu,0011-4959-0,23574215,147512
rdichee@adobe.com,0011-4959-0,35390965,762084
dmccritchiej3@lsu.edu,0011-4959-0,35256888,58252
ghalvorsen95@lsu.edu,0011-4959-0,58649442,219747
predittjv@lsu.edu,0011-4959-0,20682415,697018
dnaughton9f@lsu.edu,0011-4959-0,11818292,920089
rpointn@globo.com,0011-4959-0,24213146,150282
wspadelli8j@lsu.edu,0011-4959-0,80358214,352859
gdowtry4j@lsu.edu,0011-4959-0,45962356,677138
clelievre1q@spiegel.de,0011-4959-0,59972921,157588
jspraggon8f@lsu.edu,0011-4959-0,15779008,550312
jkasman1i@histats.com,0011-4959-0,99662797,144374
spinwillhg@lsu.edu,0011-4959-0,11394287,529283
cmaxted8c@lsu.edu,0011-4959-0,97123314,346432
kfeeney30@lsu.edu,0011-4959-0,59170012,153670
dcordeniw@lsu.edu,0011-4959-0,48941864,470541
cosgar8u@lsu.edu,0011-4959-0,39317553,513259
ldickinsbh@lsu.edu,0011-4959-0,81042836,885490
bdeavenell7o@lsu.edu,0011-4959-0,72473299,462525
amaccathayam@lsu.edu,0011-4959-0,87104824,168507
bstrangeri3@lsu.edu,0011-4959-0,73981542,39149
bbartkowiak6t@lsu.edu,0011-4959-0,69334799,194857
amarkosn0@lsu.edu,0011-4959-0,85678344,374464
cmcpolindw@lsu.edu,0011-4959-0,31786159,31138
dbrinkworth7i@lsu.edu,0011-4959-0,99008088,372277
tappleton2n@delicious.com,0011-4959-0,75725876,875783
gcordall73@lsu.edu,0011-4959-0,75433739,887123
dbarrowcloughlz@lsu.edu,0011-4959-0,82733575,270843
nheckjx@lsu.edu,0011-4959-0,74688387,37520
bspottiswoodhm@lsu.edu,0011-4959-0,15411337,327309
gmosconegr@lsu.edu,0011-4959-0,62696976,917759
akelby20@drupal.org,0011-4959-0,80179144,504362
lbyrdgk@lsu.edu,0011-4959-0,28324190,493497
mlempertz10@yandex.ru,0011-4959-0,18183075,47552
zcowl7l@lsu.edu,0011-4959-0,85584567,103256
asimonsen7z@lsu.edu,0011-4959-0,76946752,24045
pslidders4f@lsu.edu,0011-4959-0,96352171,702588
awillderjq@lsu.edu,0011-4959-0,91868804,551177
avenablesi@salon.com,0011-4959-0,80367377,421223
cmcallof@lsu.edu,0011-4959-0,43061349,773449
lsekulla8w@lsu.edu,0011-4959-0,74734914,606721
atorrejon3c@lsu.edu,0011-4959-0,29985937,304019
hmccurts@vinaora.com,0011-4959-0,80010792,99947
alillecrop1u@about.com,0011-4959-0,30890692,651086
ofumagalliqv@lsu.edu,0011-4959-0,57354762,304635
wsemechikci@lsu.edu,0011-4959-0,66956306,256552
ttremollet2t@lsu.edu,0011-4959-0,31383318,698348
srubinivitzlu@lsu.edu,0011-4959-0,47497080,385296
ascohiergc@lsu.edu,0011-4959-0,87758233,463309
ihannondki@lsu.edu,0011-4959-0,41832799,905084
avirr66@lsu.edu,0011-4959-0,81456186,967558
dgoodenoughgs@lsu.edu,0011-4959-0,24252963,811594
rscampm5@lsu.edu,0011-4959-0,22647286,785121
kkiesselhe@lsu.edu,0011-4959-0,42382655,10949
tkorting48@lsu.edu,0011-4959-0,47702202,107361
mbuesdennk@lsu.edu,0011-4959-0,33733372,203627
rcayton5r@lsu.edu,0011-4959-0,48019151,524396
selliker1v@ibm.com,0011-4959-0,84707706,388094
rstanwixm3@lsu.edu,0011-4959-0,97649063,714491
ehaspineallfb@lsu.edu,0011-4959-0,43929474,487003
onewlindl@lsu.edu,0011-4959-0,85827656,538991
gdeblaseer@lsu.edu,0011-4959-0,31282435,117037
vcawr7@lsu.edu,0011-4959-0,93226877,436657
glibbie7q@lsu.edu,0011-4959-0,87666532,920803
emillhill6q@lsu.edu,0011-4959-0,42269937,23276
iciobotarujm@lsu.edu,0011-4959-0,47564782,212022
mfairhamf0@lsu.edu,0011-4959-0,40798945,216420
gnorecb@lsu.edu,0011-4959-0,33948942,465075
rgoulbornegn@lsu.edu,0011-4959-0,25870036,584147
bspencleyka@lsu.edu,0011-4959-0,57005233,954144
hleroy7s@lsu.edu,0011-4959-0,71739202,933314
dbrigstocko2@lsu.edu,0011-4959-0,74180849,793834
nlarhamap@lsu.edu,0011-4959-0,30562614,296895
mcrumlyfk@lsu.edu,0011-4959-0,92625854,614763
jcarvil9@economist.com,0011-4959-0,37342905,399756
jboultwoodre@lsu.edu,0011-4959-0,10699368,167943
jcory4w@lsu.edu,0011-4959-0,19535553,461180
pkirklandrq@lsu.edu,0011-4959-0,25249472,550148
rkorneichikbg@lsu.edu,0011-4959-0,58703085,895556
aforsythay@lsu.edu,0011-4959-0,77470014,304873
kperle7k@lsu.edu,0011-4959-0,38424261,203044
cpaulone4@lsu.edu,0011-4959-0,51317643,784982
solooneybx@lsu.edu,0011-4959-0,28901371,446075
tdairtonp8@lsu.edu,0011-4959-0,35358735,769447
feeles4r@lsu.edu,0011-4959-0,74422220,273792
bmaclaverty2v@lsu.edu,0011-4959-0,57019906,991910
lstuddeard7r@lsu.edu,0011-4959-0,66076629,84652
rburtwistler8@lsu.edu,0011-4959-0,23193347,337257
cmabbsdt@lsu.edu,0011-4959-0,17565072,600262
fdeans6l@lsu.edu,0011-4959-0,19227503,590815
bmalbonee@lsu.edu,0011-4959-0,64138851,154037
dbraffington7n@lsu.edu,0011-4959-0,95444292,113123
cgabeyeb@lsu.edu,0011-4959-0,25150607,835367
dlawteye2@lsu.edu,0011-4959-0,52547650,746375
mickowics63@lsu.edu,0011-4959-0,91921519,795332
qricardoufm@lsu.edu,0011-4959-0,57590924,685629
ogajownikly@lsu.edu,0011-4959-0,93831077,448209
oreppaportr0@lsu.edu,0011-4959-0,33857217,12499
ccaldeiropf@lsu.edu,0710-4743-1,76583268,803549
kmusslewhitedp@lsu.edu,0710-4743-1,15765782,476799
dparlettkw@lsu.edu,0710-4743-1,18253254,675285
msprackling43@lsu.edu,0710-4743-1,47718895,10608
tandino92@lsu.edu,0710-4743-1,80044302,462831
jwooderson5q@lsu.edu,0710-4743-1,86432367,402555
jgarrood8v@lsu.edu,0710-4743-1,63791992,476162
fstodartdu@lsu.edu,0710-4743-1,42438300,880025
gescalanteg4@lsu.edu,0710-4743-1,92062158,731425
gmackall4z@lsu.edu,0710-4743-1,54053868,323993
fthunder1p@webs.com,0710-4743-1,16168687,320383
fjacquemypl@lsu.edu,0710-4743-1,92310940,403084
edionisiih1@lsu.edu,0710-4743-1,84623717,421423
lcootesj9@lsu.edu,0710-4743-1,48437708,796095
mashling8s@lsu.edu,0710-4743-1,56315337,637825
ccolteneh@lsu.edu,0710-4743-1,55843654,95370
bparkenl7@lsu.edu,0710-4743-1,15302122,331206
itompkinson28@pcworld.com,0710-4743-1,32341196,938707
lcuffehv@lsu.edu,0710-4743-1,31603320,778084
vrissonh@lsu.edu,0710-4743-1,76248123,974211
dabelson7x@lsu.edu,0710-4743-1,85847210,247277
jberntjd@lsu.edu,0710-4743-1,65367928,257170
ituppm2@lsu.edu,0710-4743-1,22466777,654566
vconquest69@lsu.edu,0710-4743-1,15776383,723527
ebullardig@lsu.edu,0710-4743-1,34142773,330885
dgurge15@jimdo.com,0710-4743-1,86769953,298027
belfordb@yahoo.co.jp,0710-4743-1,60279015,794987
eorrick96@lsu.edu,0710-4743-1,64458467,602004
psarfat78@lsu.edu,0710-4743-1,71212838,797137
rwomack49@lsu.edu,0710-4743-1,41803696,41356
eovenden5y@lsu.edu,0710-4743-1,78241855,74217
whasnney2b@biblegateway.com,0710-4743-1,53617341,518786
mromayniq@lsu.edu,0710-4743-1,32674737,10001
fcapronqr@lsu.edu,0710-4743-1,57169785,316798
lmcmanusmc@lsu.edu,0710-4743-1,22272231,436863
lthornberbk@lsu.edu,0710-4743-1,79553917,450835
pstartehp@lsu.edu,0710-4743-1,43278664,410321
gechalieh4@lsu.edu,0710-4743-1,68118046,971057
eswanbourneq0@lsu.edu,0710-4743-1,95732862,932087
shaydones@lsu.edu,0710-4743-1,24069996,775441
lcicchinellib5@lsu.edu,0710-4743-1,31392793,256640
jjewettjh@lsu.edu,0710-4743-1,23473193,678592
rvanderhoeven9h@lsu.edu,0710-4743-1,25968916,588849
tizzatt4e@lsu.edu,0710-4743-1,16360340,467261
abartoszek16@reuters.com,0710-4743-1,34891252,950947
ctelezhking7@lsu.edu,0710-4743-1,49660436,370968
elyfecx@lsu.edu,0710-4743-1,56021997,257109
adebellis2@mit.edu,0710-4743-1,39881599,771733
rbuchankl@lsu.edu,0710-4743-1,11622189,15758
abithellon@lsu.edu,0710-4743-1,69855786,430385
cdiffley5w@lsu.edu,0710-4743-1,28372860,135722
nscougallba@lsu.edu,0710-4743-1,14540696,719864
naspcu@lsu.edu,0710-4743-1,33091975,228626
dairthno@lsu.edu,0710-4743-1,13634903,597313
jthwaite4l@lsu.edu,0710-4743-1,30918205,374710
ebromagei6@lsu.edu,0710-4743-1,70669910,789275
mtuxell5t@lsu.edu,0710-4743-1,45321186,783092
cjedrzejewskypo@lsu.edu,0710-4743-1,32212952,411893
hjehaes86@lsu.edu,0710-4743-1,69781335,911725
jkruszelnickik3@lsu.edu,0710-4743-1,89399789,297024
oflahiveif@lsu.edu,0710-4743-1,47841558,981483
kbennike0@merriam-webster.com,0710-4743-1,16197576,337218
ikneesha3v@lsu.edu,0710-4743-1,10183054,414065
cdutnallr1@lsu.edu,0710-4743-1,44290192,475806
hcapellee6@lsu.edu,0710-4743-1,56377370,403121
hreavellhk@lsu.edu,0710-4743-1,38247261,73673
gdignall3j@lsu.edu,0710-4743-1,79233507,84784
cpennettalf@lsu.edu,0710-4743-1,29321565,145615
ahaskerjg@lsu.edu,0710-4743-1,11592080,801212
cdullardbp@lsu.edu,0710-4743-1,27881669,721030
cfridpm@lsu.edu,0710-4743-1,85008511,143045
mamymo@lsu.edu,0710-4743-1,66789341,303035
pboundey37@lsu.edu,0710-4743-1,95987580,698476
eparmanpy@lsu.edu,0710-4743-1,26292267,975128
pclampettfg@lsu.edu,0710-4743-1,33246428,867048
bdenevehs@lsu.edu,0710-4743-1,15191620,191733
mbuddenqw@lsu.edu,0710-4743-1,65343173,440735
cceaser3h@lsu.edu,0710-4743-1,29217797,227808
strenamanhu@lsu.edu,0710-4743-1,10907469,249357
pbortolazziol@lsu.edu,0710-4743-1,41623212,608048
zcornillibb@lsu.edu,0710-4743-1,97352054,122892
gearngycp@lsu.edu,0710-4743-1,35843754,127259
tgettonei8@lsu.edu,0710-4743-1,13510285,752983
gpendry79@lsu.edu,0710-4743-1,81217629,464034
kwilcockesfx@lsu.edu,0710-4743-1,31704317,869876
slittledike1a@dyndns.org,0710-4743-1,26137124,80227
tpollock7j@lsu.edu,0710-4743-1,25182857,60218
rdellenbroker6c@lsu.edu,0710-4743-1,37259121,374858
mbernasekrm@lsu.edu,0710-4743-1,38725066,955787
hbintonme@lsu.edu,0710-4743-1,65757803,724890
acazindy@lsu.edu,0710-4743-1,72200777,292040
tlinebargerh@flickr.com,0710-4743-1,77029447,740325
jtestro45@lsu.edu,0710-4743-1,75752829,43850
ltortispi@lsu.edu,0710-4743-1,59705901,509659
wfranzenct@lsu.edu,0710-4743-1,56920170,974394
ecortingq@lsu.edu,0710-4743-1,72175247,660504
msigward5v@lsu.edu,0710-4743-1,78674497,870517
ltayspellhb@lsu.edu,0710-4743-1,61192935,311865
fleere4c@lsu.edu,0710-4743-1,77929168,926378
ubotfield11@state.gov,0710-4743-1,34026688,848763
dlepick3b@lsu.edu,1200-6837-0,33896204,54852
rwoofindeno1@lsu.edu,1200-6837-0,89527521,267754
ncoggerp5@lsu.edu,1200-6837-0,96116116,526554
deliassenqz@lsu.edu,1200-6837-0,42953230,194376
sgounel2h@amazon.co.jp,1200-6837-0,78495971,802628
lbaillie1d@mayoclinic.com,1200-6837-0,20498517,491759
myacob50@lsu.edu,1200-6837-0,65079464,811215
rofallon3u@lsu.edu,1200-6837-0,74609108,875200
gwerendellez@lsu.edu,1200-6837-0,90503616,381422
swonterql@lsu.edu,1200-6837-0,15939121,836964
schivrall6x@lsu.edu,1200-6837-0,59898843,555162
bthirtle65@lsu.edu,1200-6837-0,91522838,924453
kbramhallhd@lsu.edu,1200-6837-0,55697943,148527
hcostonrb@lsu.edu,1200-6837-0,86507752,333477
jwhisbyqk@lsu.edu,1200-6837-0,33060408,747459
gpitfieldpg@lsu.edu,1200-6837-0,91433925,561070
nwillishire6s@lsu.edu,1200-6837-0,56537647,943030
wucceli3y@lsu.edu,1200-6837-0,14271079,135344
smaricin@lsu.edu,1200-6837-0,92942658,739744
cwoolacottlv@lsu.edu,1200-6837-0,20593207,981481
irozzell5z@lsu.edu,1200-6837-0,33017067,936850
bfeatherstonegu@lsu.edu,1200-6837-0,24679617,584003
hivakhin9i@lsu.edu,1200-6837-0,10535381,187958
jmacclay9n@lsu.edu,1200-6837-0,81361253,870725
jfowle13@amazonaws.com,1200-6837-0,22306571,329474
kwinsorqe@lsu.edu,1200-6837-0,73832028,697626
abastoneoc@lsu.edu,1200-6837-0,46583252,789362
asheldrakeok@lsu.edu,1200-6837-0,55086333,917785
bpetrowskye9@lsu.edu,1200-6837-0,43141604,189834
lmacalorenc7@lsu.edu,1200-6837-0,87780123,804575
cdunstony@storify.com,1200-6837-0,43589594,944462
sjancaj@wikimedia.org,1200-6837-0,15342058,48684
bloughney1m@storify.com,1200-6837-0,35803858,868328
bjerratschpd@lsu.edu,1200-6837-0,12558110,417552
rmacfadzeanp0@lsu.edu,1200-6837-0,16270918,137789
pjenner6e@lsu.edu,1200-6837-0,96278926,54413
kjurczak1z@liveinternet.ru,1200-6837-0,46268663,180126
mfantonerp@lsu.edu,1200-6837-0,76967760,335819
ccaulket7u@lsu.edu,1200-6837-0,49248945,806302
jlush8q@lsu.edu,1200-6837-0,65640613,406133
sjeana8@lsu.edu,1200-6837-0,74372811,677090
cnesfieldnj@lsu.edu,1200-6837-0,19698306,196701
gmussilliev@lsu.edu,1200-6837-0,53996857,147248
gbealar@lsu.edu,1200-6837-0,24035477,739159
bcolliberq@alexa.com,1200-6837-0,24327977,209609
ctyttertonad@lsu.edu,1200-6837-0,68248031,337286
oleishman5g@lsu.edu,1200-6837-0,93163324,938833
sbelshamoa@lsu.edu,1200-6837-0,23482641,342591
cstritton5h@lsu.edu,1200-6837-0,15669946,405653
mlortzingew@lsu.edu,1200-6837-0,55483799,229408
ladlingtonal@lsu.edu,1200-6837-0,27391391,30801
mmessinghammw@lsu.edu,1200-6837-0,25334167,409045
mbentingn7@lsu.edu,1200-6837-0,70925644,948013
gmenegorl@lsu.edu,1200-6837-0,24728394,867201
itousy89@lsu.edu,1200-6837-0,48110589,697852
msporlew@unicef.org,1200-6837-0,11713118,666717
drussellao@lsu.edu,1200-6837-0,93612342,524184
rnassyl4@lsu.edu,1200-6837-0,33921294,295769
mshopcott6a@lsu.edu,1200-6837-0,46209060,216986
mderricoatfq@lsu.edu,1200-6837-0,51431228,435503
nbarrar2g@technorati.com,1200-6837-0,43324925,56424
jharse2o@tripod.com,1200-6837-0,23089215,675362
sboostmd@lsu.edu,1200-6837-0,14327160,526955
jscarfeou@lsu.edu,1200-6837-0,80643352,556257
glilliman64@lsu.edu,1200-6837-0,12748884,919617
mmacalasterdr@lsu.edu,1200-6837-0,73574104,270976
kdomanski9o@lsu.edu,1200-6837-0,97056246,272671
mbarrowsi7@lsu.edu,1200-6837-0,55656320,91069
gschultzeix@lsu.edu,1200-6837-0,24442037,865329
bcaplinnu@lsu.edu,1200-6837-0,61171354,946542
vfoynes2r@house.gov,1200-6837-0,33852114,409233
scribbin5a@lsu.edu,1200-6837-0,39419570,784183
avinkjk@lsu.edu,1200-6837-0,47348646,250454
ksaill6m@lsu.edu,1200-6837-0,45608556,9125
mlaxstondx@lsu.edu,1200-6837-0,67760800,142184
pranscome2j@newyorker.com,1200-6837-0,54056442,421557
sbarwello9@lsu.edu,1200-6837-0,36146845,580059
kmayb9@lsu.edu,1200-6837-0,28765350,41872
rglanvillenm@lsu.edu,1200-6837-0,55313459,292321
gwayeei@lsu.edu,1200-6837-0,62595474,513444
bmcquilty9s@lsu.edu,1200-6837-0,86145628,540339
rmalesm1@lsu.edu,1200-6837-0,46358683,178495
jbraidr@tumblr.com,1200-6837-0,26848921,933573
nturonepc@lsu.edu,1200-6837-0,43422332,712904
mjeffersqs@lsu.edu,1200-6837-0,21088771,513020
jketchn4@lsu.edu,1200-6837-0,84686914,943337
abattrick5k@lsu.edu,1200-6837-0,11841338,145358
dklebesbs@lsu.edu,1200-6837-0,31060329,936769
rlennardeen@lsu.edu,1200-6837-0,63943864,242763
gpaniman1w@yellowpages.com,1200-6837-0,51255860,467567
bwaterdrinker1l@state.tx.us,1200-6837-0,29517280,654080
sfussen8z@lsu.edu,1200-6837-0,63550023,935716
abeedomo8@lsu.edu,1200-6837-0,85503617,465892
lmckeeow@lsu.edu,1200-6837-0,62587855,311692
cdingivan99@lsu.edu,1200-6837-0,33675403,509441
jbullardh6@lsu.edu,1200-6837-0,19604544,502924
mmckelloch7a@lsu.edu,1200-6837-0,80863508,66329
rnelissen2c@techcrunch.com,1200-6837-0,78584731,394711
wdevorill6b@lsu.edu,1200-6837-0,51473073,471571
adegoeyr4@lsu.edu,1200-6837-0,79698222,844178
jgrelakcj@lsu.edu,1787-2826-5,87728457,386960
crizzillo6g@lsu.edu,1787-2826-5,89308118,527503
wgimenoo5@lsu.edu,1787-2826-5,34176463,377479
vclewarthf1@lsu.edu,1787-2826-5,70058424,409508
pgorbellpj@lsu.edu,1787-2826-5,82774147,324209
apfeiferi1@lsu.edu,1787-2826-5,28852548,559998
drubyq3@lsu.edu,1787-2826-5,49652047,321891
kricciardiellobf@lsu.edu,1787-2826-5,79999422,696535
wtopleya4@lsu.edu,1787-2826-5,61165660,16110
dnorcockl8@lsu.edu,1787-2826-5,21512620,274801
mlightollerk1@lsu.edu,1787-2826-5,79002073,605797
syarrowi5@lsu.edu,1787-2826-5,21449596,592444
bduggetms@lsu.edu,1787-2826-5,78877885,146729
dpeyntueqp@lsu.edu,1787-2826-5,16804922,510904
dcardonc1@lsu.edu,1787-2826-5,75770993,300735
wkermit8b@lsu.edu,1787-2826-5,91138100,683919
vchallin8@issuu.com,1787-2826-5,49784507,740175
scamellibm@lsu.edu,1787-2826-5,69139512,745389
shestroprg@lsu.edu,1787-2826-5,79118257,827134
dclearie54@lsu.edu,1787-2826-5,60356653,684974
omcevilly12@xing.com,1787-2826-5,68852932,429678
dthompsett24@domainmarket.com,1787-2826-5,39442738,589357
tmintoffpx@lsu.edu,1787-2826-5,80127648,535522
mesmonde9r@lsu.edu,1787-2826-5,47313294,372726
sasserg9@lsu.edu,1787-2826-5,20837193,469200
gnorley6r@lsu.edu,1787-2826-5,45181023,313225
nborlesshh@lsu.edu,1787-2826-5,10423306,104663
srowling81@lsu.edu,1787-2826-5,36931219,822361
cbagwellax@lsu.edu,1787-2826-5,89367520,536763
bstaubyndf@lsu.edu,1787-2826-5,38890071,989204
pmcchruiterlg@lsu.edu,1787-2826-5,79558280,477860
mtrathanhw@lsu.edu,1787-2826-5,54707442,212739
ohardsonn3@lsu.edu,1787-2826-5,75992380,294932
cgamlinpv@lsu.edu,1787-2826-5,30410171,133608
bhubbucke3k@lsu.edu,1787-2826-5,10854133,118165
rgrigoryevbu@lsu.edu,1787-2826-5,22967732,531886
lscrimshireae@lsu.edu,1787-2826-5,71738166,437708
wmcgarvaoh@lsu.edu,1787-2826-5,19955117,594338
elortzqt@lsu.edu,1787-2826-5,32448642,279658
ppellettt@linkedin.com,1787-2826-5,36687381,241179
rbathoejy@lsu.edu,1787-2826-5,49309659,258218
smcmennumh5@lsu.edu,1787-2826-5,44222383,301200
pscarisbrickmh@lsu.edu,1787-2826-5,73337061,125653
rdollenic@lsu.edu,1787-2826-5,97066077,621133
bluttypu@lsu.edu,1787-2826-5,70610594,396100
afoulghamit@lsu.edu,1787-2826-5,35463897,551637
greadettlb@lsu.edu,1787-2826-5,34547380,700697
fschellejf@lsu.edu,1787-2826-5,45311990,210521
imacgruerkc@lsu.edu,1787-2826-5,95112835,600069
ahamillqg@lsu.edu,1787-2826-5,29018760,298572
tmattekgo@lsu.edu,1787-2826-5,40097288,664299
habreyg5@lsu.edu,1787-2826-5,16965269,213347
mbellshamcd@lsu.edu,1787-2826-5,37047190,681375
kprantll6@lsu.edu,1787-2826-5,98545146,876629
gfotitto0@lsu.edu,1787-2826-5,89559481,564125
ghankey4v@lsu.edu,1787-2826-5,17244063,746498
gfulmenr9@lsu.edu,1787-2826-5,31692254,954137
qstewardq5@lsu.edu,1787-2826-5,18124181,128609
pmathouseda@lsu.edu,1787-2826-5,73440411,647225
emcteaguedk@lsu.edu,1787-2826-5,41829718,483846
ecritchellop@lsu.edu,1787-2826-5,54333694,394438
ebarukhjo@lsu.edu,1787-2826-5,82257197,734210
ogirardezjp@lsu.edu,1787-2826-5,96204582,882783
gallwarddm@lsu.edu,1787-2826-5,22516198,867663
fscowcroft3g@lsu.edu,1787-2826-5,12209568,645345
adallaway7c@lsu.edu,1787-2826-5,28447185,765196
agabbitasns@lsu.edu,1787-2826-5,81331945,63926
fwaylandj5@lsu.edu,1787-2826-5,32790164,372671
adaybornei9@lsu.edu,1787-2826-5,53026101,377326
gdiamentk6@lsu.edu,1787-2826-5,83622372,853754
lkissock9p@lsu.edu,1787-2826-5,37141173,547036
tbrowerca@lsu.edu,1787-2826-5,83108155,995953
mbamptongy@lsu.edu,1787-2826-5,67503090,55394
dantonionic0@lsu.edu,1787-2826-5,39884280,342978
etroy4x@lsu.edu,1787-2826-5,68027688,539576
sshark8p@lsu.edu,1787-2826-5,98203211,692626
crounsefell9w@lsu.edu,1787-2826-5,62584156,421217
ndeyeh2@lsu.edu,1787-2826-5,97850073,977591
cbebisnn@lsu.edu,1787-2826-5,57357860,672181
ayarddc@lsu.edu,1787-2826-5,97096509,501796
msomersetz@opera.com,1787-2826-5,22442370,566552
dnobeshj@lsu.edu,1787-2826-5,51274523,563233
eoleszczak9l@lsu.edu,1787-2826-5,68083160,944420
kruperted@lsu.edu,1787-2826-5,48394805,116489
tmorrottq9@lsu.edu,1787-2826-5,34728682,831570
jcaverhillld@lsu.edu,1787-2826-5,88713642,473753
adenisovoaz@lsu.edu,1787-2826-5,63733920,193076
npackfu@lsu.edu,1787-2826-5,64198165,258906
smcquorkellng@lsu.edu,1787-2826-5,89874174,468165
jcrippillea@lsu.edu,1787-2826-5,10139049,113758
swaiton2k@sourceforge.net,1787-2826-5,39080741,608852
lthackham2x@lsu.edu,1787-2826-5,32529803,685034
dburditt8t@lsu.edu,1787-2826-5,32258279,90514
chatzarpk@lsu.edu,1787-2826-5,64127276,596576
lmingardi5u@lsu.edu,1787-2826-5,39496995,190872
gdelahayea@hud.gov,1787-2826-5,27143799,583499
blucio41@lsu.edu,1787-2826-5,47001521,749248
cgiacomucciqf@lsu.edu,1787-2826-5,47875517,502636
jtukesbygp@lsu.edu,1787-2826-5,52872894,229076
drembrandtjt@lsu.edu,1787-2826-5,57853840,358150
tdolanli@lsu.edu,2301-7752-2,23687178,148885
gmcarte6f@lsu.edu,2301-7752-2,97921630,916120
hhehll3@lsu.edu,2301-7752-2,27187050,349447
mhextog@lsu.edu,2301-7752-2,26828268,762225
eshawlag@lsu.edu,2301-7752-2,48292326,496776
gbulwardqi@lsu.edu,2301-7752-2,83236257,279470
npickinfo@lsu.edu,2301-7752-2,66627613,218151
rlefriec62@lsu.edu,2301-7752-2,79575421,175542
gleddie3a@lsu.edu,2301-7752-2,48610311,586669
afidilis36@lsu.edu,2301-7752-2,17817077,716796
zmegroff57@lsu.edu,2301-7752-2,97021350,336587
astudholmer6@lsu.edu,2301-7752-2,10772817,972046
munderhill9e@lsu.edu,2301-7752-2,21703838,304995
gperrett7h@lsu.edu,2301-7752-2,32180473,779103
jjelkesco@lsu.edu,2301-7752-2,59336951,147452
gorrillx@apple.com,2301-7752-2,59799517,431242
keverett6n@lsu.edu,2301-7752-2,16924903,368320
balenove1@lsu.edu,2301-7752-2,82713143,645786
ljohannessonqm@lsu.edu,2301-7752-2,61268683,719784
ameganyhn@lsu.edu,2301-7752-2,95829652,49780
mlisleai@lsu.edu,2301-7752-2,26718042,277219
gambrosch35@lsu.edu,2301-7752-2,88735020,458075
fchiesek@360.cn,2301-7752-2,58809020,469313
eolyfatef@lsu.edu,2301-7752-2,44793730,268443
jaclandg1@lsu.edu,2301-7752-2,87128245,293842
mmalimhf@lsu.edu,2301-7752-2,55840461,505321
tchastagnierii@lsu.edu,2301-7752-2,80765737,216256
spenquetpq@lsu.edu,2301-7752-2,22614940,468747
kfaint5s@lsu.edu,2301-7752-2,16315696,823229
rkoenenh7@lsu.edu,2301-7752-2,43391207,293903
jstiegersfs@lsu.edu,2301-7752-2,37511372,390174
zstrodder8d@lsu.edu,2301-7752-2,63278040,257375
mdearlepalserri@lsu.edu,2301-7752-2,54697555,66838
cjaquiss58@lsu.edu,2301-7752-2,97059703,680256
kdableja@lsu.edu,2301-7752-2,57641143,248608
lbissill4o@lsu.edu,2301-7752-2,90606865,885867
rickeringillrj@lsu.edu,2301-7752-2,56622245,563807
gmustard83@lsu.edu,2301-7752-2,73679837,219688
bbackshq@lsu.edu,2301-7752-2,96245891,754322
aitzchakinf@lsu.edu,2301-7752-2,74946838,84493
pdesaurk7@lsu.edu,2301-7752-2,97864183,819610
sghidoniko@lsu.edu,2301-7752-2,53166239,219229
smatussevichh3@lsu.edu,2301-7752-2,89985474,571175
bscriven8m@lsu.edu,2301-7752-2,66986081,22653
ckenion7y@lsu.edu,2301-7752-2,59215562,760390
eodonohuenx@lsu.edu,2301-7752-2,29186960,159072
mlabrow6u@lsu.edu,2301-7752-2,11224730,443127
ldmitrievskira@lsu.edu,2301-7752-2,97669345,617044
jbaggfp@lsu.edu,2301-7752-2,67666953,564863
gtrundlek9@lsu.edu,2301-7752-2,33114893,98313
wbossom7t@lsu.edu,2301-7752-2,42383847,626007
mtuftgd@lsu.edu,2301-7752-2,50940472,910183
ldailyrh@lsu.edu,2301-7752-2,44694414,14651
agislebert84@lsu.edu,2301-7752-2,71978159,295965
abrodie9b@lsu.edu,2301-7752-2,12941313,137011
sblofieldke@lsu.edu,2301-7752-2,43154111,201805
jgiffonf@github.io,2301-7752-2,12371873,502937
pbelderfieldcc@lsu.edu,2301-7752-2,84148083,837791
bmathy7@discovery.com,2301-7752-2,36030215,155904
caskiek0@lsu.edu,2301-7752-2,29044533,973532
belsmor2l@epa.gov,2301-7752-2,53992063,421810
msmorfit80@lsu.edu,2301-7752-2,99161783,581266
gwaddingtonah@lsu.edu,2301-7752-2,26025625,644035
sslyfordpz@lsu.edu,2301-7752-2,97586082,609600
dhawtrymt@lsu.edu,2301-7752-2,54404592,926621
awardernz@lsu.edu,2301-7752-2,51990533,213923
rjirekot@lsu.edu,2301-7752-2,35629862,36796
jbulloughna@lsu.edu,2301-7752-2,61019144,220660
hgoolden4t@lsu.edu,2301-7752-2,76127459,48832
adawdry76@lsu.edu,2301-7752-2,83205420,669425
tcoulman60@lsu.edu,2301-7752-2,31590099,2227
mbidwellc3@lsu.edu,2301-7752-2,30237644,695180
ctolmienr@lsu.edu,2301-7752-2,14585541,351937
rlammertdd@lsu.edu,2301-7752-2,53030807,226393
gbalas91@lsu.edu,2301-7752-2,85129883,373705
cdavinet6d@lsu.edu,2301-7752-2,52258864,146122
szannini5x@lsu.edu,2301-7752-2,44831183,832158
jponting5d@lsu.edu,2301-7752-2,46615906,271233
planceleyne@lsu.edu,2301-7752-2,73820163,596514
mdobbsox@lsu.edu,2301-7752-2,70021282,526627
shagertylp@lsu.edu,2301-7752-2,92439968,982158
hmarzelord@lsu.edu,2301-7752-2,57684895,173956
ddimeo53@lsu.edu,2301-7752-2,55960998,520784
cshearafa@lsu.edu,2301-7752-2,35156493,964341
jflegha@lsu.edu,2301-7752-2,90869412,989841
vblackford7w@lsu.edu,2301-7752-2,39774763,824427
mcapron7d@lsu.edu,2301-7752-2,10767644,941309
bmaasze6z@lsu.edu,2301-7752-2,80251228,484328
lcastellacciofw@lsu.edu,2301-7752-2,43038287,641137
smarielleq2@lsu.edu,2301-7752-2,24013168,202200
sshewry3e@lsu.edu,2301-7752-2,23521210,221537
igaskinpn@lsu.edu,2301-7752-2,64792518,907259
mbaxilley@lsu.edu,2301-7752-2,37548809,248595
mwhitbyqo@lsu.edu,2301-7752-2,65461665,588842
abromilowf6@lsu.edu,2301-7752-2,12501418,967479
htoffaninikm@lsu.edu,2301-7752-2,27413070,220706
segglesonmy@lsu.edu,2301-7752-2,97899608,340030
pwhithamo3@lsu.edu,2301-7752-2,73296930,443562
vsteers27@seesaa.net,2301-7752-2,90577638,742596
mmacginlaydj@lsu.edu,2301-7752-2,95510197,134177
ivittetob@lsu.edu,3108-1147-0,48200670,595891
sseifenmacherhz@lsu.edu,3108-1147-0,71989270,252674
bsibyllaqj@lsu.edu,3108-1147-0,61886973,483127
epeirpoint9z@lsu.edu,3108-1147-0,94964718,312465
qdockseyk4@lsu.edu,3108-1147-0,42529490,990958
kredwooda6@lsu.edu,3108-1147-0,61070698,911286
tmartenpa@lsu.edu,3108-1147-0,64500349,307892
bollerhead6v@lsu.edu,3108-1147-0,66912520,319536
tbeggsrf@lsu.edu,3108-1147-0,21485428,813081
dforestallkz@lsu.edu,3108-1147-0,89266099,182210
achatellq@lsu.edu,3108-1147-0,44665286,400556
hfollitmu@lsu.edu,3108-1147-0,36266077,766824
bdimondih@lsu.edu,3108-1147-0,74632886,17575
rweipperti4@lsu.edu,3108-1147-0,66775973,867833
tgrigorips@lsu.edu,3108-1147-0,42750799,638575
paltimas97@lsu.edu,3108-1147-0,87968421,608441
dsquelch3t@lsu.edu,3108-1147-0,52271787,779175
jcurstonor@lsu.edu,3108-1147-0,49807915,742784
lsprayio@lsu.edu,3108-1147-0,42659246,737816
rsennettph@lsu.edu,3108-1147-0,83189461,424500
cantonacci6p@lsu.edu,3108-1147-0,16857232,622961
jsizzeypp@lsu.edu,3108-1147-0,50788330,607052
jsagg5p@lsu.edu,3108-1147-0,78097126,179981
baccumgg@lsu.edu,3108-1147-0,28983442,294282
aridolfofl@lsu.edu,3108-1147-0,20122563,501263
olief52@lsu.edu,3108-1147-0,27776419,326748
lpoltunr5@lsu.edu,3108-1147-0,34776743,641556
daddams9d@lsu.edu,3108-1147-0,25545173,318250
jpietroni3i@lsu.edu,3108-1147-0,52853627,570807
crontree9q@lsu.edu,3108-1147-0,25716512,323082
aepgraveau@lsu.edu,3108-1147-0,76694581,105096
swrenn2e@rakuten.co.jp,3108-1147-0,25822299,166351
ddolegh@lsu.edu,3108-1147-0,22875816,480641
mriddler55@lsu.edu,3108-1147-0,46367312,19453
mtupperiv@lsu.edu,3108-1147-0,23051273,584332
pfarronc6@lsu.edu,3108-1147-0,40967017,925735
rwhickmanc8@lsu.edu,3108-1147-0,77566857,847480
nconsidinegv@lsu.edu,3108-1147-0,77694154,940413
mcremincr@lsu.edu,3108-1147-0,85214138,687809
mnewardnp@lsu.edu,3108-1147-0,98676694,191852
cklyner56@lsu.edu,3108-1147-0,63735916,65646
esavaageho@lsu.edu,3108-1147-0,20728717,836528
rburgiseqc@lsu.edu,3108-1147-0,90672101,157199
aduigenan6@alibaba.com,3108-1147-0,54515103,809900
rfriary2d@phoca.cz,3108-1147-0,35464282,372177
tsellandn2@lsu.edu,3108-1147-0,28918453,175661
tevangelinos4b@lsu.edu,3108-1147-0,90142148,913073
agoodselld8@lsu.edu,3108-1147-0,60434570,129323
agoly4g@lsu.edu,3108-1147-0,92496655,447122
tcooksleyhl@lsu.edu,3108-1147-0,39192710,562545
sgudemanb8@lsu.edu,3108-1147-0,36531858,704478
rstanelandj2@lsu.edu,3108-1147-0,50945070,434370
ovillafi@lsu.edu,3108-1147-0,51739653,370959
stice87@lsu.edu,3108-1147-0,14819105,696096
lbuttrickpr@lsu.edu,3108-1147-0,13367127,72607
mkempton8e@lsu.edu,3108-1147-0,93472974,9576
rkorneev47@lsu.edu,3108-1147-0,24457470,581509
aiacovuzzil1@lsu.edu,3108-1147-0,53127657,9996
mgudeman44@lsu.edu,3108-1147-0,49300424,616557
sbouzek39@lsu.edu,3108-1147-0,15134974,159665
acastelliji@lsu.edu,3108-1147-0,78725521,585123
wpougherdo@lsu.edu,3108-1147-0,15473496,714258
gshepherdson8k@lsu.edu,3108-1147-0,24091553,917973
ehuychem4@lsu.edu,3108-1147-0,87726360,959319
rrobuchonhr@lsu.edu,3108-1147-0,66665351,237074
lhouldcroftb7@lsu.edu,3108-1147-0,50148233,982288
lcrebbingm@lsu.edu,3108-1147-0,73380591,630326
eangelod3@lsu.edu,3108-1147-0,96416630,393005
tdriffield77@lsu.edu,3108-1147-0,32877241,573077
tmcinultyqh@lsu.edu,3108-1147-0,11945565,858025
rraweso7@lsu.edu,3108-1147-0,84982968,239937
tbrightey72@lsu.edu,3108-1147-0,32811254,150764
lgilcriest17@mapy.cz,3108-1147-0,54549242,984438
iswyera0@lsu.edu,3108-1147-0,20249505,952221
bottewella2@lsu.edu,3108-1147-0,23028697,484484
cvardie6y@lsu.edu,3108-1147-0,65408782,378309
ielecumku@lsu.edu,3108-1147-0,74153021,449327
ddoustff@lsu.edu,3108-1147-0,19718283,737148
mnewmanhy@lsu.edu,3108-1147-0,76553353,899183
rtattershallf3@lsu.edu,3108-1147-0,57540750,640404
fmcall42@lsu.edu,3108-1147-0,53314940,748012
skeohanec2@lsu.edu,3108-1147-0,56922397,658112
jjiracekqy@lsu.edu,3108-1147-0,77594086,619296
splewsj8@lsu.edu,3108-1147-0,43860605,222139
jbrechinoz@lsu.edu,3108-1147-0,22378483,900557
kstuke9u@lsu.edu,3108-1147-0,94354424,791806
ltumaas@lsu.edu,3108-1147-0,13146056,821268
ccellier31@lsu.edu,3108-1147-0,79211178,598915
bleversonmq@lsu.edu,3108-1147-0,24663460,816589
rpickfordir@lsu.edu,3108-1147-0,46323837,664588
garmer59@lsu.edu,3108-1147-0,94430155,902404
hbowdon9a@lsu.edu,3108-1147-0,65719438,212482
oyarkeriz@lsu.edu,3108-1147-0,11180980,919562
ebogace2p@ibm.com,3108-1147-0,46629491,225368
btwaitsb4@lsu.edu,3108-1147-0,16574081,578163
rcottesfordnl@lsu.edu,3108-1147-0,98912766,929081
wdelongcw@lsu.edu,3108-1147-0,47844531,30609
gscoynefn@lsu.edu,3108-1147-0,43111128,313352
fmcaviyjz@lsu.edu,3108-1147-0,88248673,373287
ksappellom@lsu.edu,3108-1147-0,55768436,55594
rmcwhin4i@lsu.edu,3863-4156-5,21649119,548754
espincksd@wunderground.com,3863-4156-5,14285085,560944
glennonqx@lsu.edu,3863-4156-5,93339985,453542
cchatteris1r@usgs.gov,3863-4156-5,23493685,738522
dcaserijl@lsu.edu,3863-4156-5,75735219,858538
cheersl5@lsu.edu,3863-4156-5,37407410,837259
abaloghm7@lsu.edu,3863-4156-5,48634695,581605
rdelmontig2@lsu.edu,3863-4156-5,19601651,554336
lkennac5@lsu.edu,3863-4156-5,44742823,128602
kcallinan29@ftc.gov,3863-4156-5,17871411,999865
atythacott4a@lsu.edu,3863-4156-5,28355368,518373
pbartomeu7b@lsu.edu,3863-4156-5,92703325,576188
obuddelljn@lsu.edu,3863-4156-5,51277911,123559
mreeves46@lsu.edu,3863-4156-5,42929331,270804
rswanbournemn@lsu.edu,3863-4156-5,35043002,891533
cmcelhargyg0@lsu.edu,3863-4156-5,19491976,505547
tgeffenp7@lsu.edu,3863-4156-5,50291720,308434
scorleyis@lsu.edu,3863-4156-5,55673806,46653
womara8l@lsu.edu,3863-4156-5,41938061,235186
tmanus40@lsu.edu,3863-4156-5,13350649,10948
hmaleac@lsu.edu,3863-4156-5,10218436,79915
gkubesbn@lsu.edu,3863-4156-5,78549727,244948
toseland4q@lsu.edu,3863-4156-5,75756125,996822
myork4u@lsu.edu,3863-4156-5,30327450,277769
llangangx@lsu.edu,3863-4156-5,37071882,852860
bbywaters2y@lsu.edu,3863-4156-5,79916820,833925
dkildead0@lsu.edu,3863-4156-5,86138195,583418
gbrocktond6@lsu.edu,3863-4156-5,67078131,500733
mnardif4@lsu.edu,3863-4156-5,74781351,849809
bgianottigl@lsu.edu,3863-4156-5,37864841,918467
mnieldrn@lsu.edu,3863-4156-5,17631498,770131
csichardteo@lsu.edu,3863-4156-5,90466043,169355
ckingswoodqb@lsu.edu,3863-4156-5,21901083,277058
twhimpej@lsu.edu,3863-4156-5,14048870,991336
deliasson7f@lsu.edu,3863-4156-5,33674134,514951
ssextonekt@lsu.edu,3863-4156-5,28053041,541325
kpatrono1o@eepurl.com,3863-4156-5,69111629,515817
rgontiernv@lsu.edu,3863-4156-5,18575819,597561
pnetley4n@lsu.edu,3863-4156-5,77816876,961375
mgoatman9m@lsu.edu,3863-4156-5,13478939,147239
vwyse61@lsu.edu,3863-4156-5,79071955,818423
nkubul9@lsu.edu,3863-4156-5,87043641,739584
rpittmanq6@lsu.edu,3863-4156-5,29912459,152683
jproppersbt@lsu.edu,3863-4156-5,42772278,849217
tivesia@lsu.edu,3863-4156-5,85307763,566444
sodriscolln5@lsu.edu,3863-4156-5,52300755,429031
ploxdaleeg@lsu.edu,3863-4156-5,25772621,616036
kbouzek4d@lsu.edu,3863-4156-5,49529256,330594
avasentsovf8@lsu.edu,3863-4156-5,79811321,762010
hglasscockj6@lsu.edu,3863-4156-5,71133494,430823
spolglaseo@amazon.co.uk,3863-4156-5,59446724,269291
mstapele34@lsu.edu,3863-4156-5,85821397,931324
llerenc@lsu.edu,3863-4156-5,28024291,361333
bstanifordr2@lsu.edu,3863-4156-5,80853864,908558
msalvatore3m@lsu.edu,3863-4156-5,33846143,558594
vfuenteslr@lsu.edu,3863-4156-5,19725355,635787
deddowdn@lsu.edu,3863-4156-5,35410145,83800
gspringettim@lsu.edu,3863-4156-5,39575232,632951
bsearston6w@lsu.edu,3863-4156-5,54207317,640308
mdrache3p@lsu.edu,3863-4156-5,88322447,640611
nlawb2@lsu.edu,3863-4156-5,30173907,768410
lkleinercy@lsu.edu,3863-4156-5,20152434,296846
dknottlx@lsu.edu,3863-4156-5,96401314,647016
sshropsheir6j@lsu.edu,3863-4156-5,62787054,684006
aferencowicznt@lsu.edu,3863-4156-5,78165229,944886
lkopeciu@lsu.edu,3863-4156-5,74591555,979988
rbastonemx@lsu.edu,3863-4156-5,38756510,458779
nshemelthc@lsu.edu,3863-4156-5,40705599,827291
tthewysu@php.net,3863-4156-5,69040236,99874
fnisslekb@lsu.edu,3863-4156-5,87285183,461679
ssemarkd4@lsu.edu,3863-4156-5,80649982,745847
eferandezks@lsu.edu,3863-4156-5,58031328,252954
mbabonau82@lsu.edu,3863-4156-5,98244591,898404
mmeo22@goo.gl,3863-4156-5,14652728,847474
ffarrallh0@lsu.edu,3863-4156-5,74683374,188201
mbromagef5@lsu.edu,3863-4156-5,41121355,522520
sabraminkf@lsu.edu,3863-4156-5,49004350,614073
jomarag3@lsu.edu,3863-4156-5,69162369,155633
sakkerqn@lsu.edu,3863-4156-5,39728572,48548
rpabloslc@lsu.edu,3863-4156-5,80653996,269211
kwolffersd5@lsu.edu,3863-4156-5,99943501,579703
matyeo1@vk.com,3863-4156-5,45559458,52250
spapez8g@lsu.edu,3863-4156-5,20154535,42352
bsimonssonp6@lsu.edu,3863-4156-5,46499168,15154
estanerfh@lsu.edu,3863-4156-5,95655144,437563
htaylor74@lsu.edu,3863-4156-5,67673606,1726
astitte7@lsu.edu,3863-4156-5,19917226,628785
fwinchester4@purevolume.com,3863-4156-5,63675529,807850
lbarokbv@lsu.edu,3863-4156-5,73741101,560851
jvakhlovrk@lsu.edu,3863-4156-5,54788095,438952
nmcgraydz@lsu.edu,3863-4156-5,21843016,556583
cstrangewaysos@lsu.edu,3863-4156-5,62595336,9824
smennelll@globo.com,3863-4156-5,24676864,50477
erosenbloome5@lsu.edu,3863-4156-5,89377590,245420
prumboldjs@lsu.edu,3863-4156-5,66908618,848275
ykopec5o@lsu.edu,3863-4156-5,12976622,209173
aalbers7g@lsu.edu,3863-4156-5,72876262,208176
brussanmm@lsu.edu,3863-4156-5,28584244,714440
ablood8y@lsu.edu,3863-4156-5,63569272,589985
ebradderlw@lsu.edu,3863-4156-5,83858084,689314
hbuckel1g@amazon.co.jp,6733-9697-2,10790224,12400
tbaynesl0@lsu.edu,6733-9697-2,97832282,464805
bgiddensqq@lsu.edu,6733-9697-2,53815438,980623
bleadstonaw@lsu.edu,6733-9697-2,29877109,666879
hheatlie5m@lsu.edu,6733-9697-2,81839329,90310
bquarlesaj@lsu.edu,6733-9697-2,65789253,494760
jcraythorne6h@lsu.edu,6733-9697-2,62388621,341191
vblancaf@lsu.edu,6733-9697-2,38085411,779186
cdomneyjw@lsu.edu,6733-9697-2,71739767,421826
tmountneyls@lsu.edu,6733-9697-2,71172513,59294
ncolenutt8r@lsu.edu,6733-9697-2,30387197,660355
sbrufff2@lsu.edu,6733-9697-2,13814078,731009
kyabsleyln@lsu.edu,6733-9697-2,48807278,680105
cguisotck@lsu.edu,6733-9697-2,37108163,239261
dgilmorebw@lsu.edu,6733-9697-2,91553001,142549
ltrippie@lsu.edu,6733-9697-2,97074649,619524
rblaaschp1@lsu.edu,6733-9697-2,89725604,346550
anassau4p@lsu.edu,6733-9697-2,57228230,745819
pgresham9x@lsu.edu,6733-9697-2,62062020,772742
aadriaens1e@psu.edu,6733-9697-2,45435355,138753
kbartolacci3s@lsu.edu,6733-9697-2,71149588,958790
ebaudyfv@lsu.edu,6733-9697-2,37922519,742079
dgrogona33@lsu.edu,6733-9697-2,36503557,406518
bsheildsep@lsu.edu,6733-9697-2,16841397,427864
jalbuttq8@lsu.edu,6733-9697-2,75646715,778441
gfahyb3@lsu.edu,6733-9697-2,62116267,26936
aanthilli2@lsu.edu,6733-9697-2,13304820,941222
rmaccagueds@lsu.edu,6733-9697-2,12713882,186390
sshillama1@lsu.edu,6733-9697-2,99066078,534854
nromagnosikx@lsu.edu,6733-9697-2,85093215,179233
cmansellbo@lsu.edu,6733-9697-2,41840301,476591
lcardenaskp@lsu.edu,6733-9697-2,31903580,473343
drosemang8@lsu.edu,6733-9697-2,68428061,7186
iholdall8o@lsu.edu,6733-9697-2,62679280,486888
cgabbatt8a@lsu.edu,6733-9697-2,39697128,121209
gmcrillq7@lsu.edu,6733-9697-2,46301212,625160
vbaxandall1t@ustream.tv,6733-9697-2,72194081,6305
gbengtssoncq@lsu.edu,6733-9697-2,76505685,622677
rdrif7@lsu.edu,6733-9697-2,85224935,716223
lhandleymr@lsu.edu,6733-9697-2,21476495,417879
svillaretoe@lsu.edu,6733-9697-2,46236347,360462
tjaqueshi@lsu.edu,6733-9697-2,91700735,917363
areenex@lsu.edu,6733-9697-2,40234787,10524
swethersdh@lsu.edu,6733-9697-2,89027281,487444
dnaughtonmz@lsu.edu,6733-9697-2,40915582,684569
clucianip@lsu.edu,6733-9697-2,73685502,274147
gpartrick8x@lsu.edu,6733-9697-2,98692227,762270
clynaghmp@lsu.edu,6733-9697-2,53457403,24244
mhalcrorr@lsu.edu,6733-9697-2,24823912,175622
dbaldoni1s@bloglovin.com,6733-9697-2,46139530,298207
khounihann1@lsu.edu,6733-9697-2,94105120,543055
agligoracibq@lsu.edu,6733-9697-2,12644423,451886
fsanthousedb@lsu.edu,6733-9697-2,10186438,995820
agiddense3@lsu.edu,6733-9697-2,49373870,814525
bsauternq@lsu.edu,6733-9697-2,89601285,275648
ggrigoli1k@webmd.com,6733-9697-2,95153313,717350
rmacgilmartinat@lsu.edu,6733-9697-2,64423137,671211
jblackbournmv@lsu.edu,6733-9697-2,62681815,950118
mkellieem@lsu.edu,6733-9697-2,61567115,980830
ahaxellil@lsu.edu,6733-9697-2,38143024,973096
rstorrock1b@drupal.org,6733-9697-2,39267087,494741
tpearman9y@lsu.edu,6733-9697-2,79926052,717475
fewbanks5i@lsu.edu,6733-9697-2,74269510,908111
phansard9g@lsu.edu,6733-9697-2,62051655,603503
jmoormanm8@lsu.edu,6733-9697-2,29915545,186972
bbrigge6o@lsu.edu,6733-9697-2,66809150,880386
ljeaffersonfr@lsu.edu,6733-9697-2,44881908,47656
jlongshawgb@lsu.edu,6733-9697-2,69851826,904251
cbengerkd@lsu.edu,6733-9697-2,68492128,473983
egillmanlt@lsu.edu,6733-9697-2,69969030,100713
awanstall3l@lsu.edu,6733-9697-2,52614256,250092
sloughtonkq@lsu.edu,6733-9697-2,74694582,866309
kalexandrescu5@mysql.com,6733-9697-2,45457301,473801
melstoneik@lsu.edu,6733-9697-2,62976175,84904
omullanek2@lsu.edu,6733-9697-2,35353058,542565
jzukermanoo@lsu.edu,6733-9697-2,81505996,292553
cvarleym0@lsu.edu,6733-9697-2,19009319,105409
ksmidmoor7e@lsu.edu,6733-9697-2,76477169,582118
abockeec@lsu.edu,6733-9697-2,66786705,910776
belleringtonmf@lsu.edu,6733-9697-2,43224675,177814
aromanettiju@lsu.edu,6733-9697-2,19947925,365479
ktristramak@lsu.edu,6733-9697-2,37364832,955554
rsirrellj7@lsu.edu,6733-9697-2,57840597,428702
cwanden2i@mayoclinic.com,6733-9697-2,33821934,357779
lspreadbury75@lsu.edu,6733-9697-2,57219781,142634
rroydsft@lsu.edu,6733-9697-2,98588158,903110
mphillpsk8@lsu.edu,6733-9697-2,17030505,880735
fcorcoran7v@lsu.edu,6733-9697-2,76555463,823936
jmaile26@unesco.org,6733-9697-2,56698477,569797
mmaccumeskey23@timesonline.co.uk,6733-9697-2,31340223,394422
mandraultbz@lsu.edu,6733-9697-2,87584746,31553
mufflh@lsu.edu,6733-9697-2,99006039,323896
ktarboxpb@lsu.edu,6733-9697-2,84985081,994575
arichardssonde@lsu.edu,6733-9697-2,93977313,482938
apaulsenib@lsu.edu,6733-9697-2,68888437,704154
ashutt3r@lsu.edu,6733-9697-2,69311681,61644
kpatullogj@lsu.edu,6733-9697-2,82879332,967060
twhiteareq@lsu.edu,6733-9697-2,68220644,94936
dofiellyd7@lsu.edu,6733-9697-2,46930545,832963
wvaadelandby@lsu.edu,6733-9697-2,72452220,198222
ljoannic3f@lsu.edu,7601-9951-1,87860713,92876
rshaveld9@lsu.edu,7601-9951-1,94573642,848427
lforgeg6@lsu.edu,7601-9951-1,94588729,73727
icabbell32@lsu.edu,7601-9951-1,28419896,620693
jbarnacloughl2@lsu.edu,7601-9951-1,65014012,303679
lmuffetti0@lsu.edu,7601-9951-1,57432977,611763
fkearypt@lsu.edu,7601-9951-1,71326417,309165
dcapnerk5@lsu.edu,7601-9951-1,86900399,967109
bvanichkov6k@lsu.edu,7601-9951-1,81935757,10270
uchalfantlk@lsu.edu,7601-9951-1,66038226,622530
scrowdenht@lsu.edu,7601-9951-1,37591548,718910
cvasichev3q@lsu.edu,7601-9951-1,57221241,890895
smedcalfmg@lsu.edu,7601-9951-1,50793007,8504
mrigmondek@lsu.edu,7601-9951-1,22588958,354439
kstretepe@lsu.edu,7601-9951-1,14477855,367215
areaperj0@lsu.edu,7601-9951-1,70514330,262799
chazeldeankg@lsu.edu,7601-9951-1,94385010,380422
hbeldoniy@lsu.edu,7601-9951-1,52330604,754382
cbraidwoodav@lsu.edu,7601-9951-1,26302896,226773
lludlamme1x@tinypic.com,7601-9951-1,28128820,819779
klongfortho6@lsu.edu,7601-9951-1,39553683,568242
peddicott9v@lsu.edu,7601-9951-1,19958698,174521
tbladendv@lsu.edu,7601-9951-1,26883189,694964
madamkiewicz1n@wikipedia.org,7601-9951-1,64920437,176307
esarlebc@lsu.edu,7601-9951-1,29985167,706209
ezoppie1f@dyndns.org,7601-9951-1,30421839,744467
mlennardekn@lsu.edu,7601-9951-1,70847921,166505
tlewishamn6@lsu.edu,7601-9951-1,43325713,237075
bgrund94@lsu.edu,7601-9951-1,71370345,739984
fmckiedg@lsu.edu,7601-9951-1,56026273,439939
mgeorgi5b@lsu.edu,7601-9951-1,87053615,783788
ncurromcm@lsu.edu,7601-9951-1,24665446,978368
qalexsandrovichcg@lsu.edu,7601-9951-1,91628907,213361
ggoveyjj@lsu.edu,7601-9951-1,99440390,704926
tfoan98@lsu.edu,7601-9951-1,96436177,973012
freiglara5@lsu.edu,7601-9951-1,10637416,354594
kgedney5c@lsu.edu,7601-9951-1,45449487,512588
kbradderce@lsu.edu,7601-9951-1,98873773,466899
kikinsky@lsu.edu,7601-9951-1,63603254,567549
tinch4k@lsu.edu,7601-9951-1,63670847,497296
fjansonjr@lsu.edu,7601-9951-1,26038983,370519
clangsburyab@lsu.edu,7601-9951-1,76996126,644117
wcradydq@lsu.edu,7601-9951-1,41863693,961334
tgeydon2m@geocities.com,7601-9951-1,94236810,303862
bnisena7@lsu.edu,7601-9951-1,75382828,752180
ktreacherj4@lsu.edu,7601-9951-1,92331959,542953
dmccallion9t@lsu.edu,7601-9951-1,29705118,524265
htreadgall67@lsu.edu,7601-9951-1,98646346,561847
gbachnic5n@lsu.edu,7601-9951-1,56101853,281718
rwoodfordnd@lsu.edu,7601-9951-1,35923127,283977
dshille8@lsu.edu,7601-9951-1,65081235,823085
bobraymj@lsu.edu,7601-9951-1,48135509,412865
vizaac3w@lsu.edu,7601-9951-1,83792880,946424
awhiskerd2s@lsu.edu,7601-9951-1,70972482,756667
lsteptowaq@lsu.edu,7601-9951-1,60693269,435034
gdruce2z@lsu.edu,7601-9951-1,50552734,136461
tcarnegie2q@ucoz.ru,7601-9951-1,53709483,851091
wbrierly85@lsu.edu,7601-9951-1,53751643,866531
eitscowicz7m@lsu.edu,7601-9951-1,77163026,87523
akibbeequ@lsu.edu,7601-9951-1,20083744,368449
cswitlandcn@lsu.edu,7601-9951-1,34962707,890492
lclawe8h@lsu.edu,7601-9951-1,16024732,707198
landrysek5f@lsu.edu,7601-9951-1,69743005,216948
gbasiloneo4@lsu.edu,7601-9951-1,20329258,756271
fgomer8i@lsu.edu,7601-9951-1,70249530,119700
akordtgw@lsu.edu,7601-9951-1,82156173,817011
vlardnarkr@lsu.edu,7601-9951-1,46681603,799462
rstewartsonnb@lsu.edu,7601-9951-1,58871775,278014
fsimmiga9@lsu.edu,7601-9951-1,82776379,317439
ipykeoq@lsu.edu,7601-9951-1,96568527,351621
lundrill4y@lsu.edu,7601-9951-1,42205110,121782
edumberellfd@lsu.edu,7601-9951-1,85600773,996025
escullyfe@lsu.edu,7601-9951-1,11510830,671766
cfrenschc9@lsu.edu,7601-9951-1,15599441,236870
fdalstonbd@lsu.edu,7601-9951-1,57535226,140224
bdurringtonp2@lsu.edu,7601-9951-1,82484671,713923
cspradbery9c@lsu.edu,7601-9951-1,55052487,281148
bgori88@lsu.edu,7601-9951-1,38274957,311663
wquilleashhx@lsu.edu,7601-9951-1,17408500,575393
sgerrancz@lsu.edu,7601-9951-1,75705990,435196
sgoomesm6@lsu.edu,7601-9951-1,80988251,542869
gpantridgebr@lsu.edu,7601-9951-1,14291658,384606
imoorfieldkh@lsu.edu,7601-9951-1,58663423,62411
ghandsoy@lsu.edu,7601-9951-1,76981216,812120
rwarlowga@lsu.edu,7601-9951-1,18591704,831647
isharram21@blog.com,7601-9951-1,17996982,87189
wandreolettify@lsu.edu,7601-9951-1,76122594,292389
kdreakinmb@lsu.edu,7601-9951-1,16449779,766384
jjakellj@lsu.edu,7601-9951-1,33963661,762934
tfosseyan@lsu.edu,7601-9951-1,66550239,259953
tfoxenjc@lsu.edu,7601-9951-1,13329637,648750
chardenn8@lsu.edu,7601-9951-1,44842740,483176
cbattellcs@lsu.edu,7601-9951-1,47071289,257833
egaynsfordbe@lsu.edu,7601-9951-1,17679188,832226
dwimmersq4@lsu.edu,7601-9951-1,15221445,147458
crichardtov@lsu.edu,7601-9951-1,31858586,420324
amarzelli3@purevolume.com,7601-9951-1,54428760,156407
sgeratasch3x@lsu.edu,7601-9951-1,61037512,228790
mclynterrc@lsu.edu,7601-9951-1,77557201,340042
sledes1j@icq.com,7601-9951-1,97242925,689708
mpfiffer1c@about.me,8228-7496-1,77530691,284060
alaysondi@lsu.edu,8228-7496-1,26598740,562582
vgreatorex3z@lsu.edu,8228-7496-1,73365423,658168
dmclachlanbi@lsu.edu,8228-7496-1,11206323,841759
bhearnshawfj@lsu.edu,8228-7496-1,12817652,581493
rceschiniml@lsu.edu,8228-7496-1,46777789,78575
lblanninoj@lsu.edu,8228-7496-1,60695665,529869
mjohnstonev@posterous.com,8228-7496-1,66917706,733539
wpautard19@hugedomains.com,8228-7496-1,33331699,330331
bgladbeckeu@lsu.edu,8228-7496-1,21845221,625585
tprosekc4@lsu.edu,8228-7496-1,24540279,419553
ksnoddy38@lsu.edu,8228-7496-1,44575991,870537
qsearl2f@trellian.com,8228-7496-1,17834112,281527
clochet6i@lsu.edu,8228-7496-1,63518065,148814
hpiepera3@lsu.edu,8228-7496-1,63532600,883366
asherr5l@lsu.edu,8228-7496-1,42993081,27043
olenox5j@lsu.edu,8228-7496-1,27523242,851862
kmoulsdallkk@lsu.edu,8228-7496-1,65826771,786978
eamott90@lsu.edu,8228-7496-1,52109995,865279
frosiellokj@lsu.edu,8228-7496-1,97407413,315286
tmacgilfoyled2@lsu.edu,8228-7496-1,32619295,211976
amcpartlin2w@lsu.edu,8228-7496-1,94693227,463122
amoggan70@lsu.edu,8228-7496-1,84889761,999634
adurandb1@lsu.edu,8228-7496-1,99705632,917685
heastcott3o@lsu.edu,8228-7496-1,37461854,515246
rmessham4m@lsu.edu,8228-7496-1,67243961,381080
dtellwrightcv@lsu.edu,8228-7496-1,59640497,605914
rstogillcl@lsu.edu,8228-7496-1,73363513,384778
aferedayoi@lsu.edu,8228-7496-1,13430070,788613
ilamminll@lsu.edu,8228-7496-1,52472448,107764
uogelbekv@lsu.edu,8228-7496-1,22132898,844785
hsanbrookh9@lsu.edu,8228-7496-1,58126537,546907
mlowdyanejb@lsu.edu,8228-7496-1,38282409,12295
dsaltsberger14@wunderground.com,8228-7496-1,23844440,931406
ajeffs51@lsu.edu,8228-7496-1,18576987,108805
ssimmondsbl@lsu.edu,8228-7496-1,80344359,381082
sperullinw@lsu.edu,8228-7496-1,22581223,994955
ajillinslm@lsu.edu,8228-7496-1,63352983,510744
abrandoneb6@lsu.edu,8228-7496-1,68140719,499181
emasurelge@lsu.edu,8228-7496-1,35545153,393210
zcallis3n@lsu.edu,8228-7496-1,16814319,312225
ainglissc@github.com,8228-7496-1,14012072,819188
cbeetonje@lsu.edu,8228-7496-1,10073688,151590
avanderweedenburget@lsu.edu,8228-7496-1,88594633,472853
tberesfordp4@lsu.edu,8228-7496-1,16733147,860500
jpairemanq1@lsu.edu,8228-7496-1,21666295,736226
hjedras68@lsu.edu,8228-7496-1,79980458,523590
tbice4s@lsu.edu,8228-7496-1,69342347,777818
bgiannazzigf@lsu.edu,8228-7496-1,43552885,274106
shanneyj1@lsu.edu,8228-7496-1,27465400,750589
dmchardyla@lsu.edu,8228-7496-1,47015479,846306
ssorleyn9@lsu.edu,8228-7496-1,66312401,293951
cjacobowiczp9@lsu.edu,8228-7496-1,35827652,815915
kwhiley1h@nymag.com,8228-7496-1,17366731,451957
echristofides8n@lsu.edu,8228-7496-1,31276086,115650
ewithers9j@lsu.edu,8228-7496-1,36266345,661519
ddinnegesma@lsu.edu,8228-7496-1,40490506,887386
lokill25@answers.com,8228-7496-1,26097703,466146
qstandbrooked1@lsu.edu,8228-7496-1,69572639,737924
cgrininch@lsu.edu,8228-7496-1,29912892,891537
chatchettelo@lsu.edu,8228-7496-1,87641576,802664
kurwenmk@lsu.edu,8228-7496-1,96141496,925683
pwareingf9@lsu.edu,8228-7496-1,12012203,808082
lwebberro@lsu.edu,8228-7496-1,31792550,613475
lborgnee0@lsu.edu,8228-7496-1,47845128,263844
moakhillij@lsu.edu,8228-7496-1,71004476,173831
cregardsoefz@lsu.edu,8228-7496-1,57588541,719378
cinesonpw@lsu.edu,8228-7496-1,63605915,780128
elindebergh8@lsu.edu,8228-7496-1,36249392,772975
tplaisterny@lsu.edu,8228-7496-1,95827172,801168
cshinnp3@lsu.edu,8228-7496-1,29798217,686779
mdepietrim@list-manage.com,8228-7496-1,72216583,372490
hnoel2a@bloglines.com,8228-7496-1,97637929,248445
ariochqa@lsu.edu,8228-7496-1,29431709,106891
wcristofanoid@lsu.edu,8228-7496-1,42616506,563254
zcorssenm9@lsu.edu,8228-7496-1,21160789,386607
rkerneb0@lsu.edu,8228-7496-1,94798797,406392
npartkyaod@lsu.edu,8228-7496-1,11204463,516377
mtaggett9k@lsu.edu,8228-7496-1,93474186,592144
qmawbyqd@lsu.edu,8228-7496-1,88574797,801034
divantsovgz@lsu.edu,8228-7496-1,23660525,947367
ggricebj@lsu.edu,8228-7496-1,39723155,804857
bsawdonni@lsu.edu,8228-7496-1,21565572,471794
sskinleyaa@lsu.edu,8228-7496-1,75050467,297881
asheppardg@google.nl,8228-7496-1,53715146,532241
sgreensmith18@vkontakte.ru,8228-7496-1,16334938,569217
flowensohnfc@lsu.edu,8228-7496-1,85197487,618399
cthumann4h@lsu.edu,8228-7496-1,59698952,25441
jkittel3d@lsu.edu,8228-7496-1,80781356,283160
pbowsher2u@lsu.edu,8228-7496-1,32621638,446592
wtheusscf@lsu.edu,8228-7496-1,75876935,510051
tbuncomp@stumbleupon.com,8228-7496-1,20255890,40636
akikke71@lsu.edu,8228-7496-1,47421297,594845
eeland93@lsu.edu,8228-7496-1,98779138,352641
shollow7p@lsu.edu,8228-7496-1,76759491,775427
pdewdenyle@lsu.edu,8228-7496-1,96105961,933535
meddington5e@lsu.edu,8228-7496-1,59692944,758965
ogorker3@lsu.edu,8228-7496-1,34332545,766117
vudden1y@phoca.cz,8228-7496-1,56910349,163405
ascneidergi@lsu.edu,8228-7496-1,45431345,553394